city_name,state,zip_code
Adelanto,CA,92301
Agoura Hills,CA,91301
Agoura Hills,CA,91376
Agoura Hills,CA,91377
Alameda,CA,94501
Alameda,CA,94502
Albany,CA,94706
Alhambra,CA,91801
Alhambra,CA,91802
Alhambra,CA,91803
American Canyon,CA,94503
Anaheim,CA,92801
Anaheim,CA,92802
Anaheim,CA,92803
Anaheim,CA,92804
Anaheim,CA,92805
Anaheim,CA,92806
Anaheim,CA,92807
Anaheim,CA,92808
Anaheim,CA,92809
Anaheim,CA,92812
Anaheim,CA,92814
Anaheim,CA,92815
Anaheim,CA,92816
Anaheim,CA,92817
Antioch,CA,94509
Antioch,CA,94531
Apple Valley,CA,92307
Apple Valley,CA,92308
Arcadia,CA,91006
Arcadia,CA,91007
Arcadia,CA,91024
Arcadia,CA,91066
Arcadia,CA,91077
Artesia,CA,90701
Artesia,CA,90702
Artesia,CA,90703
Avalon,CA,90704
Azusa,CA,91702
Baldwin Park,CA,91706
Banning,CA,92220
Barstow,CA,92311
Barstow,CA,92312
Barstow,CA,92332
Barstow,CA,92347
Beaumont,CA,92223
Bell Gardens,CA,90201
Bell Gardens,CA,90202
Bell Gardens,CA,90270
Bellflower,CA,90706
Bellflower,CA,90707
Belmont,CA,94002
Belvedere Tiburon,CA,94920
Benicia,CA,94510
Berkeley,CA,94701
Berkeley,CA,94702
Berkeley,CA,94703
Berkeley,CA,94704
Berkeley,CA,94705
Berkeley,CA,94706
Berkeley,CA,94707
Berkeley,CA,94708
Berkeley,CA,94709
Berkeley,CA,94710
Berkeley,CA,94712
Beverly Hills,CA,90209
Beverly Hills,CA,90210
Beverly Hills,CA,90211
Beverly Hills,CA,90212
Beverly Hills,CA,90213
Big Bear Lake,CA,92315
Blythe,CA,92225
Blythe,CA,92226
Blythe,CA,92280
Brawley,CA,92227
Brea,CA,92821
Brea,CA,92822
Brea,CA,92823
Brentwood,CA,94513
Brisbane,CA,94005
Buena Park,CA,90620
Buena Park,CA,90621
Buena Park,CA,90622
Buena Park,CA,90623
Burbank,CA,91352
Burbank,CA,91501
Burbank,CA,91502
Burbank,CA,91503
Burbank,CA,91504
Burbank,CA,91505
Burbank,CA,91506
Burbank,CA,91507
Burbank,CA,91508
Burbank,CA,91510
Burlingame,CA,94010
Burlingame,CA,94011
Burlingame,CA,94125
Burlingame,CA,94128
Calabasas,CA,91372
Calexico,CA,92231
Calexico,CA,92232
Calimesa,CA,92320
Calipatria,CA,92233
Calipatria,CA,92257
Calistoga,CA,94515
Camarillo,CA,93010
Camarillo,CA,93011
Camarillo,CA,93012
Camarillo,CA,93066
Campbell,CA,95008
Campbell,CA,95009
Campbell,CA,95011
Campbell,CA,95032
Carson,CA,90745
Carson,CA,90746
Carson,CA,90749
Cathedral City,CA,92234
Cathedral City,CA,92235
Cerritos,CA,90703
Chino,CA,91708
Chino,CA,91710
Chino Hills,CA,91709
Claremont,CA,91711
Clayton,CA,94517
Cloverdale,CA,95425
Coachella,CA,92236
Coachella,CA,92274
Colton,CA,92313
Colton,CA,92324
Commerce,CA,90040
Commerce,CA,90091
Compton,CA,90220
Compton,CA,90221
Compton,CA,90222
Compton,CA,90223
Compton,CA,90224
Concord,CA,94518
Concord,CA,94519
Concord,CA,94520
Concord,CA,94521
Concord,CA,94522
Concord,CA,94523
Concord,CA,94524
Corona,CA,92877
Corona,CA,92878
Corona,CA,92879
Corona,CA,92881
Corona,CA,92882
Corona,CA,92883
Costa Mesa,CA,92626
Costa Mesa,CA,92627
Costa Mesa,CA,92628
Cotati,CA,94931
Covina,CA,91722
Covina,CA,91723
Covina,CA,91724
Cudahy,CA,90201
Culver City,CA,90230
Culver City,CA,90231
Culver City,CA,90232
Cupertino,CA,95014
Cupertino,CA,95015
Cypress,CA,90630
Daly City,CA,94014
Daly City,CA,94015
Daly City,CA,94016
Daly City,CA,94017
Dana Point,CA,92624
Dana Point,CA,92629
Danville,CA,94506
Danville,CA,94526
Desert Hot Springs,CA,92240
Desert Hot Springs,CA,92241
Diamond Bar,CA,91765
Dixon,CA,95620
Downey,CA,90239
Downey,CA,90240
Downey,CA,90241
Downey,CA,90242
Duarte,CA,91009
Dublin,CA,94568
East Palo Alto,CA,94085
East Palo Alto,CA,94301
East Palo Alto,CA,94303
East Palo Alto,CA,94304
East Palo Alto,CA,94305
East Palo Alto,CA,94306
El Centro,CA,92243
El Centro,CA,92244
El Cerrito,CA,94530
El Monte,CA,90660
El Monte,CA,91731
El Monte,CA,91732
El Monte,CA,91733
El Monte,CA,91734
El Segundo,CA,90245
El Segundo,CA,90266
Emeryville,CA,94608
Emeryville,CA,94662
Fairfax,CA,94978
Fairfield,CA,94533
Fairfield,CA,94534
Fairfield,CA,94535
Fillmore,CA,93015
Fillmore,CA,93016
Fontana,CA,92331
Fontana,CA,92334
Fontana,CA,92335
Fontana,CA,92336
Fontana,CA,92337
Foster City,CA,94404
Fountain Valley,CA,92708
Fountain Valley,CA,92728
Fremont,CA,94536
Fremont,CA,94537
Fremont,CA,94538
Fremont,CA,94539
Fremont,CA,94555
Fullerton,CA,92831
Fullerton,CA,92832
Fullerton,CA,92833
Fullerton,CA,92834
Fullerton,CA,92835
Fullerton,CA,92836
Fullerton,CA,92837
Fullerton,CA,92838
Garden Grove,CA,92840
Garden Grove,CA,92841
Garden Grove,CA,92842
Garden Grove,CA,92843
Garden Grove,CA,92844
Garden Grove,CA,92845
Garden Grove,CA,92846
Gardena,CA,90247
Gardena,CA,90248
Gardena,CA,90249
Gilroy,CA,95020
Gilroy,CA,95021
Glendale,CA,91201
Glendale,CA,91202
Glendale,CA,91203
Glendale,CA,91204
Glendale,CA,91205
Glendale,CA,91206
Glendale,CA,91207
Glendale,CA,91208
Glendale,CA,91209
Glendale,CA,91210
Glendale,CA,91221
Glendale,CA,91222
Glendale,CA,91225
Glendale,CA,91226
Glendora,CA,91740
Glendora,CA,91741
Half Moon Bay,CA,94019
Hawthorne,CA,90250
Hawthorne,CA,90251
Hayward,CA,94540
Hayward,CA,94541
Hayward,CA,94542
Hayward,CA,94543
Hayward,CA,94544
Hayward,CA,94545
Hayward,CA,94557
Healdsburg,CA,95448
Hemet,CA,92543
Hemet,CA,92544
Hemet,CA,92545
Hemet,CA,92546
Hercules,CA,94547
Hermosa Beach,CA,90254
Hesperia,CA,92340
Hesperia,CA,92344
Hesperia,CA,92345
Highland,CA,92346
Holtville,CA,92250
Huntington Beach,CA,92605
Huntington Beach,CA,92615
Huntington Beach,CA,92646
Huntington Beach,CA,92647
Huntington Beach,CA,92648
Huntington Beach,CA,92649
Huntington Park,CA,90255
Imperial,CA,92251
Indio,CA,92201
Indio,CA,92202
Industry,CA,91715
Industry,CA,91716
Inglewood,CA,90301
Inglewood,CA,90302
Inglewood,CA,90303
Inglewood,CA,90304
Inglewood,CA,90305
Inglewood,CA,90306
Inglewood,CA,90307
Inglewood,CA,90308
Inglewood,CA,90309
Inglewood,CA,90310
Inglewood,CA,90312
Irvine,CA,92602
Irvine,CA,92603
Irvine,CA,92604
Irvine,CA,92606
Irvine,CA,92612
Irvine,CA,92614
Irvine,CA,92616
Irvine,CA,92617
Irvine,CA,92618
Irvine,CA,92619
Irvine,CA,92620
Irvine,CA,92623
Irvine,CA,92650
Irvine,CA,92676
Jurupa Valley,CA,91752
Jurupa Valley,CA,92509
Jurupa Valley,CA,92519
La Cañada Flintridge,CA,91011
La Cañada Flintridge,CA,91012
La Cañada Flintridge,CA,91020
La Habra,CA,90631
La Habra,CA,90632
La Habra,CA,90633
La Mirada,CA,90637
La Mirada,CA,90638
La Puente,CA,91744
La Puente,CA,91745
La Puente,CA,91746
La Puente,CA,91747
La Quinta,CA,92203
La Quinta,CA,92247
La Quinta,CA,92248
La Quinta,CA,92253
La Verne,CA,91711
La Verne,CA,91750
Lafayette,CA,94549
Laguna Beach,CA,92652
Laguna Hills,CA,92637
Laguna Hills,CA,92653
Laguna Hills,CA,92654
Laguna Hills,CA,92656
Laguna Niguel,CA,92607
Laguna Niguel,CA,92651
Laguna Niguel,CA,92677
Lake Elsinore,CA,92530
Lake Elsinore,CA,92531
Lake Elsinore,CA,92532
Lake Forest,CA,92609
Lake Forest,CA,92630
Lakewood,CA,90711
Lakewood,CA,90712
Lakewood,CA,90713
Lakewood,CA,90714
Lakewood,CA,90715
Lancaster,CA,93534
Lancaster,CA,93535
Lancaster,CA,93536
Lancaster,CA,93539
Lancaster,CA,93584
Larkspur,CA,94977
Lawndale,CA,90260
Livermore,CA,94550
Livermore,CA,94551
Loma Linda,CA,92318
Loma Linda,CA,92354
Lomita,CA,90717
Long Beach,CA,90755
Long Beach,CA,90801
Long Beach,CA,90802
Long Beach,CA,90803
Long Beach,CA,90804
Long Beach,CA,90805
Long Beach,CA,90806
Long Beach,CA,90807
Long Beach,CA,90808
Long Beach,CA,90809
Long Beach,CA,90810
Long Beach,CA,90813
Long Beach,CA,90814
Long Beach,CA,90815
Long Beach,CA,90831
Long Beach,CA,90832
Long Beach,CA,90853
Los Alamitos,CA,90716
Los Alamitos,CA,90720
Los Alamitos,CA,90721
Los Altos,CA,94022
Los Altos,CA,94023
Los Altos,CA,94024
Los Angeles,CA,90001
Los Angeles,CA,90002
Los Angeles,CA,90003
Los Angeles,CA,90004
Los Angeles,CA,90005
Los Angeles,CA,90006
Los Angeles,CA,90007
Los Angeles,CA,90008
Los Angeles,CA,90009
Los Angeles,CA,90011
Los Angeles,CA,90012
Los Angeles,CA,90013
Los Angeles,CA,90014
Los Angeles,CA,90015
Los Angeles,CA,90016
Los Angeles,CA,90017
Los Angeles,CA,90018
Los Angeles,CA,90019
Los Angeles,CA,90020
Los Angeles,CA,90021
Los Angeles,CA,90022
Los Angeles,CA,90023
Los Angeles,CA,90024
Los Angeles,CA,90025
Los Angeles,CA,90026
Los Angeles,CA,90027
Los Angeles,CA,90028
Los Angeles,CA,90029
Los Angeles,CA,90030
Los Angeles,CA,90031
Los Angeles,CA,90032
Los Angeles,CA,90033
Los Angeles,CA,90034
Los Angeles,CA,90035
Los Angeles,CA,90036
Los Angeles,CA,90037
Los Angeles,CA,90038
Los Angeles,CA,90039
Los Angeles,CA,90041
Los Angeles,CA,90042
Los Angeles,CA,90043
Los Angeles,CA,90044
Los Angeles,CA,90045
Los Angeles,CA,90046
Los Angeles,CA,90047
Los Angeles,CA,90048
Los Angeles,CA,90049
Los Angeles,CA,90050
Los Angeles,CA,90051
Los Angeles,CA,90053
Los Angeles,CA,90054
Los Angeles,CA,90055
Los Angeles,CA,90056
Los Angeles,CA,90057
Los Angeles,CA,90059
Los Angeles,CA,90060
Los Angeles,CA,90061
Los Angeles,CA,90062
Los Angeles,CA,90063
Los Angeles,CA,90064
Los Angeles,CA,90065
Los Angeles,CA,90066
Los Angeles,CA,90067
Los Angeles,CA,90068
Los Angeles,CA,90069
Los Angeles,CA,90070
Los Angeles,CA,90071
Los Angeles,CA,90072
Los Angeles,CA,90073
Los Angeles,CA,90075
Los Angeles,CA,90076
Los Angeles,CA,90077
Los Angeles,CA,90078
Los Angeles,CA,90079
Los Angeles,CA,90080
Los Angeles,CA,90081
Los Angeles,CA,90082
Los Angeles,CA,90083
Los Angeles,CA,90086
Los Angeles,CA,90087
Los Angeles,CA,90093
Los Angeles,CA,90094
Los Angeles,CA,90293
Los Gatos,CA,95030
Los Gatos,CA,95031
Los Gatos,CA,95033
Lynwood,CA,90262
Malibu,CA,90264
Malibu,CA,90265
Manhattan Beach,CA,90266
Manhattan Beach,CA,90267
Martinez,CA,94553
Maywood,CA,90270
Menifee,CA,92548
Menifee,CA,92584
Menifee,CA,92585
Menifee,CA,92586
Menifee,CA,92587
Menlo Park,CA,94025
Menlo Park,CA,94026
Atherton,CA,94027
Menlo Park,CA,94028
Mill Valley,CA,94941
Mill Valley,CA,94942
Millbrae,CA,94030
Milpitas,CA,95035
Milpitas,CA,95036
Mission Viejo,CA,92675
Mission Viejo,CA,92690
Mission Viejo,CA,92691
Mission Viejo,CA,92692
Mission Viejo,CA,92694
Monrovia,CA,91008
Monrovia,CA,91010
Monrovia,CA,91016
Monrovia,CA,91017
Montclair,CA,91763
Montebello,CA,90640
Monterey Park,CA,91754
Monterey Park,CA,91755
Moorpark,CA,93020
Moorpark,CA,93021
Moraga,CA,94556
Moraga,CA,94570
Moreno Valley,CA,92551
Moreno Valley,CA,92552
Moreno Valley,CA,92553
Moreno Valley,CA,92554
Moreno Valley,CA,92555
Moreno Valley,CA,92556
Moreno Valley,CA,92557
Morgan Hill,CA,95037
Morgan Hill,CA,95038
Mountain View,CA,94035
Mountain View,CA,94039
Mountain View,CA,94040
Mountain View,CA,94041
Mountain View,CA,94042
Mountain View,CA,94043
Murrieta,CA,92562
Murrieta,CA,92563
Murrieta,CA,92564
Murrieta,CA,92596
Napa,CA,94558
Napa,CA,94559
Napa,CA,94581
Needles,CA,92363
Newark,CA,94560
Newport Beach,CA,92625
Newport Beach,CA,92657
Newport Beach,CA,92658
Newport Beach,CA,92659
Newport Beach,CA,92660
Newport Beach,CA,92661
Newport Beach,CA,92662
Newport Beach,CA,92663
Norco,CA,92860
Norco,CA,92880
Norwalk,CA,90650
Norwalk,CA,90651
Norwalk,CA,90652
Novato,CA,94945
Novato,CA,94947
Novato,CA,94948
Novato,CA,94949
Oakland,CA,94601
Oakland,CA,94602
Oakland,CA,94603
Oakland,CA,94604
Oakland,CA,94605
Oakland,CA,94606
Oakland,CA,94607
Oakland,CA,94609
Oakland,CA,94610
Oakland,CA,94611
Oakland,CA,94612
Oakland,CA,94614
Oakland,CA,94618
Oakland,CA,94619
Oakland,CA,94620
Oakland,CA,94621
Oakland,CA,94623
Oakland,CA,94624
Oakland,CA,94661
Oakley,CA,94561
Ojai,CA,93023
Ojai,CA,93024
Ontario,CA,91761
Ontario,CA,91762
Ontario,CA,91764
Orinda,CA,94563
Oxnard,CA,93001
Oxnard,CA,93030
Oxnard,CA,93031
Oxnard,CA,93032
Oxnard,CA,93033
Oxnard,CA,93034
Oxnard,CA,93035
Oxnard,CA,93036
Oxnard,CA,93041
Pacifica,CA,94044
Palm Desert,CA,92210
Palm Desert,CA,92211
Palm Desert,CA,92255
Palm Desert,CA,92260
Palm Desert,CA,92261
Palm Springs,CA,92262
Palm Springs,CA,92263
Palm Springs,CA,92264
Palmdale,CA,93550
Palmdale,CA,93551
Palmdale,CA,93552
Palmdale,CA,93590
Palmdale,CA,93591
Palo Alto,CA,94302
Palo Alto,CA,94304
Palo Alto,CA,94306
Palos Verdes Estates,CA,90274
Paramount,CA,90723
Pasadena,CA,91001
Pasadena,CA,91003
Pasadena,CA,91101
Pasadena,CA,91102
Pasadena,CA,91103
Pasadena,CA,91104
Pasadena,CA,91105
Pasadena,CA,91106
Pasadena,CA,91107
Pasadena,CA,91109
Pasadena,CA,91114
Pasadena,CA,91115
Pasadena,CA,91116
Pasadena,CA,91117
Perris,CA,92570
Perris,CA,92571
Perris,CA,92572
Petaluma,CA,94952
Petaluma,CA,94953
Petaluma,CA,94954
Petaluma,CA,94955
Petaluma,CA,94975
Pico Rivera,CA,90660
Pico Rivera,CA,90661
Pico Rivera,CA,90662
Pinole,CA,94564
Pittsburg,CA,94565
Placentia,CA,92870
Placentia,CA,92871
Pleasant Hill,CA,94523
Pleasanton,CA,94566
Pleasanton,CA,94588
Pomona,CA,91766
Pomona,CA,91767
Pomona,CA,91768
Pomona,CA,91769
Port Hueneme,CA,93044
Rancho Cucamonga,CA,91701
Rancho Cucamonga,CA,91729
Rancho Cucamonga,CA,91730
Rancho Cucamonga,CA,91737
Rancho Cucamonga,CA,91739
Rancho Mirage,CA,92270
Redlands,CA,92373
Redlands,CA,92374
Redlands,CA,92375
Redondo Beach,CA,90254
Redondo Beach,CA,90277
Redondo Beach,CA,90278
Redwood City,CA,94061
Redwood City,CA,94062
Redwood City,CA,94063
Redwood City,CA,94064
Redwood City,CA,94065
Rialto,CA,92376
Rialto,CA,92377
Richmond,CA,94801
Richmond,CA,94802
Richmond,CA,94804
Richmond,CA,94805
Richmond,CA,94807
Richmond,CA,94808
Rio Vista,CA,94571
Riverside,CA,92501
Riverside,CA,92502
Riverside,CA,92503
Riverside,CA,92504
Riverside,CA,92505
Riverside,CA,92506
Riverside,CA,92507
Riverside,CA,92508
Riverside,CA,92513
Riverside,CA,92514
Riverside,CA,92516
Riverside,CA,92517
Riverside,CA,92518
Rohnert Park,CA,94927
Rohnert Park,CA,94928
Rohnert Park,CA,94931
Rosemead,CA,91770
Ross,CA,94957
San Anselmo,CA,94930
San Anselmo,CA,94960
San Anselmo,CA,94979
San Bernardino,CA,92401
San Bernardino,CA,92402
San Bernardino,CA,92404
San Bernardino,CA,92405
San Bernardino,CA,92406
San Bernardino,CA,92407
San Bernardino,CA,92408
San Bernardino,CA,92410
San Bernardino,CA,92411
San Bernardino,CA,92413
San Bernardino,CA,92423
San Bernardino,CA,92427
San Bruno,CA,94066
San Bruno,CA,94080
San Carlos,CA,94070
San Clemente,CA,92672
San Clemente,CA,92673
San Clemente,CA,92674
San Dimas,CA,91773
San Fernando,CA,91341
San Fernando,CA,91345
San Francisco,CA,94102
San Francisco,CA,94103
San Francisco,CA,94104
San Francisco,CA,94105
San Francisco,CA,94107
San Francisco,CA,94108
San Francisco,CA,94109
San Francisco,CA,94110
San Francisco,CA,94111
San Francisco,CA,94112
San Francisco,CA,94114
San Francisco,CA,94115
San Francisco,CA,94116
San Francisco,CA,94117
San Francisco,CA,94118
San Francisco,CA,94119
San Francisco,CA,94120
San Francisco,CA,94121
San Francisco,CA,94122
San Francisco,CA,94123
San Francisco,CA,94124
San Francisco,CA,94126
San Francisco,CA,94127
San Francisco,CA,94128
San Francisco,CA,94129
San Francisco,CA,94130
San Francisco,CA,94131
San Francisco,CA,94132
San Francisco,CA,94133
San Francisco,CA,94134
San Francisco,CA,94140
San Francisco,CA,94141
San Francisco,CA,94142
San Francisco,CA,94146
San Francisco,CA,94147
San Francisco,CA,94158
San Francisco,CA,94159
San Francisco,CA,94164
San Francisco,CA,94172
San Francisco,CA,94188
San Gabriel,CA,91775
San Gabriel,CA,91776
San Gabriel,CA,91778
San Jacinto,CA,92581
San Jacinto,CA,92582
San Jacinto,CA,92583
San Jose,CA,95042
San Jose,CA,95103
San Jose,CA,95106
San Jose,CA,95108
San Jose,CA,95109
San Jose,CA,95110
San Jose,CA,95111
San Jose,CA,95112
San Jose,CA,95113
San Jose,CA,95116
San Jose,CA,95117
San Jose,CA,95118
San Jose,CA,95119
San Jose,CA,95120
San Jose,CA,95121
San Jose,CA,95122
San Jose,CA,95123
San Jose,CA,95124
San Jose,CA,95125
San Jose,CA,95126
San Jose,CA,95127
San Jose,CA,95128
San Jose,CA,95129
San Jose,CA,95130
San Jose,CA,95131
San Jose,CA,95132
San Jose,CA,95133
San Jose,CA,95134
San Jose,CA,95135
San Jose,CA,95136
San Jose,CA,95138
San Jose,CA,95139
San Jose,CA,95140
San Jose,CA,95148
San Jose,CA,95150
San Jose,CA,95151
San Jose,CA,95152
San Jose,CA,95153
San Jose,CA,95154
San Jose,CA,95155
San Jose,CA,95156
San Jose,CA,95157
San Jose,CA,95158
San Jose,CA,95159
San Jose,CA,95160
San Jose,CA,95161
San Jose,CA,95164
San Jose,CA,95170
San Jose,CA,95172
San Jose,CA,95173
San Juan Capistrano,CA,92693
San Leandro,CA,94577
San Leandro,CA,94578
San Leandro,CA,94579
San Leandro,CA,94580
San Marino,CA,91108
San Marino,CA,91118
San Mateo,CA,94401
San Mateo,CA,94402
San Mateo,CA,94403
San Mateo,CA,94404
San Pablo,CA,94805
San Pablo,CA,94806
San Rafael,CA,94901
San Rafael,CA,94903
San Rafael,CA,94904
San Rafael,CA,94912
San Rafael,CA,94913
San Rafael,CA,94915
San Ramon,CA,94568
San Ramon,CA,94582
San Ramon,CA,94583
Santa Ana,CA,92701
Santa Ana,CA,92702
Santa Ana,CA,92703
Santa Ana,CA,92704
Santa Ana,CA,92705
Santa Ana,CA,92706
Santa Ana,CA,92707
Santa Ana,CA,92711
Santa Ana,CA,92735
Santa Ana,CA,92799
Santa Clara,CA,95050
Santa Clara,CA,95051
Santa Clara,CA,95052
Santa Clara,CA,95054
Santa Clara,CA,95055
Santa Clara,CA,95056
Santa Clarita,CA,91310
Santa Clarita,CA,91350
Santa Clarita,CA,91351
Santa Clarita,CA,91354
Santa Clarita,CA,91355
Santa Clarita,CA,91380
Santa Clarita,CA,91384
Santa Clarita,CA,91390
Santa Fe Springs,CA,90670
Santa Monica,CA,90401
Santa Monica,CA,90402
Santa Monica,CA,90403
Santa Monica,CA,90404
Santa Monica,CA,90405
Santa Monica,CA,90406
Santa Monica,CA,90407
Santa Monica,CA,90408
Santa Monica,CA,90409
Santa Monica,CA,90411
Santa Paula,CA,93060
Santa Paula,CA,93061
Santa Rosa,CA,95401
Santa Rosa,CA,95402
Santa Rosa,CA,95403
Santa Rosa,CA,95404
Santa Rosa,CA,95405
Santa Rosa,CA,95406
Santa Rosa,CA,95407
Santa Rosa,CA,95409
Saratoga,CA,95070
Saratoga,CA,95071
Sausalito,CA,94965
Sausalito,CA,94966
Seal Beach,CA,90740
Sebastopol,CA,95472
Sebastopol,CA,95473
Sierra Madre,CA,91025
Simi Valley,CA,93062
Simi Valley,CA,93063
Simi Valley,CA,93065
Simi Valley,CA,93094
Sonoma,CA,95476
South El Monte,CA,91733
South Gate,CA,90280
South Pasadena,CA,91030
South Pasadena,CA,91031
South San Francisco,CA,94083
St. Helena,CA,94567
St. Helena,CA,94574
Stanton,CA,90680
Suisun City,CA,94512
Suisun City,CA,94533
Suisun City,CA,94534
Suisun City,CA,94585
Sunnyvale,CA,94086
Sunnyvale,CA,94087
Sunnyvale,CA,94088
Sunnyvale,CA,94089
Temecula,CA,92589
Temecula,CA,92590
Temecula,CA,92591
Temecula,CA,92592
Temecula,CA,92593
Temple City,CA,91780
Thousand Oaks,CA,91358
Thousand Oaks,CA,91359
Thousand Oaks,CA,91360
Thousand Oaks,CA,91361
Thousand Oaks,CA,91362
Torrance,CA,90501
Torrance,CA,90502
Torrance,CA,90503
Torrance,CA,90504
Torrance,CA,90505
Torrance,CA,90507
Torrance,CA,90508
Torrance,CA,90509
Torrance,CA,90510
Tustin,CA,92780
Tustin,CA,92781
Tustin,CA,92782
Twentynine Palms,CA,92277
Twentynine Palms,CA,92278
Union City,CA,94587
Upland,CA,91784
Upland,CA,91785
Upland,CA,91786
Vacaville,CA,95687
Vacaville,CA,95688
Vacaville,CA,95696
Vallejo,CA,94503
Vallejo,CA,94589
Vallejo,CA,94590
Vallejo,CA,94591
Vallejo,CA,94592
Ventura,CA,93002
Ventura,CA,93003
Ventura,CA,93004
Ventura,CA,93005
Ventura,CA,93006
Ventura,CA,93007
Vernon,CA,90058
Victorville,CA,92392
Victorville,CA,92393
Victorville,CA,92394
Victorville,CA,92395
Walnut,CA,91748
Walnut,CA,91788
Walnut,CA,91789
Walnut Creek,CA,94595
Walnut Creek,CA,94596
Walnut Creek,CA,94597
Walnut Creek,CA,94598
West Covina,CA,91790
West Covina,CA,91791
West Covina,CA,91792
West Covina,CA,91793
West Hollywood,CA,90046
West Hollywood,CA,90069
Westminster,CA,92655
Westminster,CA,92683
Westminster,CA,92684
Westminster,CA,92685
Westmorland,CA,92281
Whittier,CA,90601
Whittier,CA,90602
Whittier,CA,90603
Whittier,CA,90604
Whittier,CA,90605
Whittier,CA,90606
Whittier,CA,90607
Whittier,CA,90608
Whittier,CA,90609
Whittier,CA,90610
Wildomar,CA,92595
Windsor,CA,95492
Woodside,CA,94062
Yorba Linda,CA,92885
Yorba Linda,CA,92886
Yorba Linda,CA,92887
Yountville,CA,94562
Yountville,CA,94599
Yucaipa,CA,92399
Yucca Valley,CA,92284
Yucca Valley,CA,92285
Yucca Valley,CA,92286
